{
    "LSTM-ARIMA Hybrid Model": {
        "MSE": 1.5996242081869745,
        "RMSE": 1.2647625105872542,
        "MAE": 0.998521727327624,
        "R-squared (R\u00b2)": 0.9281264885560894,
        "Testing Accuracy (%)": 98.17981516658445
    }
}