{
    "LSTM-ARIMA Hybrid Model": {
        "MSE": 0.5295338426930579,
        "RMSE": 0.7276907603460813,
        "MAE": 0.5528138996820902,
        "R-squared (R\u00b2)": 0.9682686744893295,
        "Testing Accuracy (%)": 98.56083555995868
    }
}