{
    "LSTM-ARIMA Hybrid Model": {
        "MSE": 0.22752266033714652,
        "RMSE": 0.47699335460480635,
        "MAE": 0.37083923240751204,
        "R-squared (R\u00b2)": 0.9846463151847176,
        "Testing Accuracy (%)": 98.360424636594
    }
}