{
    "LSTM-ARIMA Hybrid Model": {
        "MSE": 3.763085673271596,
        "RMSE": 1.9398674370357363,
        "MAE": 1.4590391602116146,
        "R-squared (R\u00b2)": 0.947767999656913,
        "Testing Accuracy (%)": 98.81186695153751
    }
}